objtype,subtype,pos_x,pos_y,pos_z,orient_x,orient_y,orient_z,orient_w,scale_x,scale_y,scale_z,density,friction,bounce,meshURI,diffuse_x,diffuse_y,diffuse_z,ambient,specular_x,specular_y,specular_z,shadowpower,range,constantfall,linearfall,quadfall,cone_in,cone_out,power,cone_fall,shadow
camera,,-30.850817,4.000000,1.844866,4.263092,-86.860000,-0.000000,
light,directional,0.000000,0.000000,0.000000,0.000000,0.000000,0.000000,,,,,,,,,1.000000,1.000000,1.000000,0.000000,0.000000,0.000000,0.000000,nan,0.000000,0.000000,0.000000,0.000000,0.000000,0.000000,0.000000,0.000000,0
mesh,staticmesh,0.000000,0.500000,0.400000,0.000000,0.000000,0.000000,,4.000000,2.000000,4.000000,0.000000,0.200000,0.800000,meru://daniel@/cube.mesh
mesh,dynamicsphere,0.100000,15.000000,0.000000,0.000000,0.000000,0.000000,,1.000000,1.000000,1.000000,1.000000,0.500000,0.900000,meru://daniel@/sphere.mesh
