objtype,subtype,name,pos_x,pos_y,pos_z,orient_x,orient_y,orient_z,orient_w,scale_x,scale_y,scale_z,density,friction,bounce,collision,meshURI,diffuse_x,diffuse_y,diffuse_z,ambient,specular_x,specular_y,specular_z,shadowpower,range,constantfall,linearfall,quadfall,cone_in,cone_out,power,cone_fall,shadow
mesh,staticmesh,box3,0.000000,0.500000,9.000000,0.000000,0.000000,0.000000,,4.000000,0.500000,4.000000,0.000000,0.200000,0.600000,1,meru://daniel@/cube.mesh
camera,,,-28.160000,4.130000,18.840000,3.927111,-63.879199,1.667281,
light,directional,,0.000000,0.000000,0.000000,0.000000,0.000000,0.000000,,,,,,,,,,1.000000,1.000000,1.000000,0.000000,0.000000,0.000000,0.000000,nan,0.000000,0.000000,0.000000,0.000000,0.000000,0.000000,0.000000,0.000000,0
mesh,staticmesh,box2,0.000000,0.500000,5.000000,0.000000,0.000000,0.000000,,4.000000,2.000000,4.000000,0.000000,0.200000,0.600000,2,meru://daniel@/cube.mesh
mesh,staticmesh,box1,0.000000,0.500000,0.400000,11.000000,0.000000,0.000000,,4.000000,2.000000,4.000000,0.000000,0.200000,0.600000,1,meru://daniel@/cube.mesh
mesh,dynamicsphere,ball1,0.100000,10.000000,0.000000,0.000000,0.000000,0.000000,,1.000000,1.000000,1.000000,1.000000,0.500000,0.750000,3,meru://daniel@/sphere.mesh
