objtype,subtype,name,pos_x,pos_y,pos_z,orient_x,orient_y,orient_z,orient_w,scale_x,scale_y,scale_z,density,friction,bounce,colMask,colMsg,meshURI,diffuse_x,diffuse_y,diffuse_z,ambient,specular_x,specular_y,specular_z,shadowpower,range,constantfall,linearfall,quadfall,cone_in,cone_out,power,cone_fall,shadow
mesh,dynamicsphere,ball,-0.220000,5.000000,2.000000,0.000000,0.000000,0.000000,,1.000000,1.000000,1.000000,4.000000,0.400000,0.100000,0,0,meru://daniel@/sphere.mesh
mesh,staticmesh,ground,0.000000,-0.900000,0.000000,0.000000,0.000000,0.000000,,50.000000,2.000000,50.000000,0.000000,1.000000,0.200000,0,0,meru://daniel@/cube.mesh
mesh,dynamiccylinder,cylinder,1.000000,2.000000,-11.000000,0.000000,0.000000,0.000000,,0.100000,0.500000,0.100000,1.000000,0.900000,0.100000,0,0,mhash:///299df738c108da42cb8e8af1893a64be80a9bfc67887138c21f7d5ddf05a4f36
light,directional,,0.000000,2.000000,0.000000,0.000000,0.000000,0.000000,,,,,,,,,,,0.600000,0.600000,0.600000,0.330000,0.990000,0.970000,0.900000,0.110000,200000.000000,0.000000,0.000000,0.000000,30.000000,40.000000,0.900000,1.000000,0
mesh,dynamiccylinder,cylinder,0.000000,2.000000,-10.000000,0.000000,0.000000,0.000000,,0.100000,0.500000,0.100000,1.000000,1.000000,0.100000,0,0,mhash:///299df738c108da42cb8e8af1893a64be80a9bfc67887138c21f7d5ddf05a4f36
mesh,staticmesh,,0.000000,1.000000,0.000000,-15.230001,0.000000,0.000000,,10.000000,1.000000,8.000000,1.000000,0.900000,0.100000,0,0,meru://daniel@/cube.mesh
camera,,,-1.179844,3.000000,-33.803115,0.000000,-176.399990,0.000000,
mesh,dynamiccylinder,cylinder,-1.000000,2.000000,-11.000000,0.000000,0.000000,0.000000,,0.100000,0.500000,0.100000,1.000000,0.900000,0.100000,0,0,mhash:///299df738c108da42cb8e8af1893a64be80a9bfc67887138c21f7d5ddf05a4f36
